Epoch,Train Loss,Train Acc,Test Loss,Test Acc
1,1.1961961266326904,57.296,1.2190464519500732,56.42
2,0.8371789357376098,70.712,0.9143450342178344,67.85
