Epoch,Train Loss,Train Acc,Test Loss,Test Acc
1,1.7882216512298583,35.21,1.789478370475769,35.77
2,1.668837663002014,38.918,1.665221413230896,39.24
