Epoch,Train Loss,Train Acc,Test Loss,Test Acc
1,1.1514830291748046,59.158,1.1657980085372925,58.21
2,0.8228972743034363,71.174,0.8988722743988037,68.35
