Epoch,Train Loss,Train Acc,Test Loss,Test Acc
1,1.219259496574402,55.7,1.234973927307129,55.03
2,0.9514185052871704,66.132,1.0115388648033141,64.68
