Epoch,Train Loss,Train Acc,Test Loss,Test Acc
1,1.1557231214904786,58.952,1.1808373882293701,57.7
2,0.8329815577507019,70.966,0.9122173860549927,67.89
