Epoch,Train Loss,Train Acc,Test Loss,Test Acc
1,1.4035893298721314,49.812,1.4078530015945434,50.15
2,1.0333153063583373,63.306,1.0714187911987305,61.84
