Epoch,Train Loss,Train Acc,Test Loss,Test Acc
1,1.1267726506042481,59.812,1.1400512525558473,59.29
2,0.8639872540664673,69.214,0.9371674423217773,66.85
