Epoch,Train Loss,Train Acc,Test Loss,Test Acc
1,1.2495267713165283,54.97,1.2624627912521362,54.62
2,0.9553056016159057,66.322,1.0090684201240538,64.3
