Epoch,Train Loss,Train Acc,Test Loss,Test Acc
1,1.2449091237258911,55.144,1.255103260421753,54.69
2,0.9598471465682984,65.468,1.0189876070976258,63.93
