Epoch,Train Loss,Train Acc,Test Loss,Test Acc
1,1.4544274530029297,46.818,1.4535900506973267,46.34
2,1.2700637830352783,54.158,1.2879120960235595,53.37
