Epoch,Train Loss,Train Acc,Test Loss,Test Acc
1,1.1628000216674805,58.498,1.1729834161758423,58.22
2,0.8999468288040161,68.314,0.9580904437065124,66.07
