Epoch,Train Loss,Train Acc,Test Loss,Test Acc
1,1.4405665044784546,47.886,1.4407243232727052,48.02
2,1.1428298337554932,58.534,1.1658901433944702,58.4
