Epoch,Train Loss,Train Acc,Test Loss,Test Acc
1,1.2157213429260254,55.822,1.22506595993042,55.09
2,0.9311976607513428,67.098,0.9786543106079102,64.87
